<?xml version = '1.0' encoding = 'UTF-8'?>
<relationalModel class="oracle.dbtools.crest.model.design.relational.RelationalDesign" name="Relational_1" id="0926C031-A264-5B93-605B-1E2EA323B2D0" mainViewID="E547F1DF-D005-CD06-6E89-9F3B1E53B3FA">
<createdBy>geovana.moraes</createdBy>
<createdTime>2025-04-03 22:49:41 UTC</createdTime>
<ownerDesignName>ProjDB-IMC</ownerDesignName>
<shouldBeOpen>false</shouldBeOpen>
<selectedRDBMSSite>32076570-2523-435C-2E92-BF29817DFF70</selectedRDBMSSite>
</relationalModel>